mof_id,predicted_co2_uptake,performance_score
GEN-MOF-2,1.63054347,99.975
GEN-MOF-3,1.556496263,99
GEN-MOF-6,1.514619231,99
GEN-MOF-1,1.475182652,98.625
GEN-MOF-4,1.483237028,98.05
GEN-MOF-5,1.4502666,97.225
GEN-MOF-7,1.384092331,95.775
GEN-MOF-8,1.378344893,95.775
GEN-MOF-9,1.197660327,88.075
GEN-MOF-10,1.116086483,79.45
